Departamento,Municipio,Longitud,Latitud
ANTIOQUIA,MEDELLÍN,-75.581775,6.246631
ANTIOQUIA,ABEJORRAL,-75.428739,5.789315
ANTIOQUIA,ABRIAQUÍ,-76.064304,6.632282
ANTIOQUIA,ALEJANDRÍA,-75.141346,6.376061
ANTIOQUIA,AMAGÁ,-75.702188,6.038708
ANTIOQUIA,AMALFI,-75.077501,6.909655
ANTIOQUIA,ANDES,-75.878828,5.657194
ANTIOQUIA,ANGELÓPOLIS,-75.711389,6.109719
ANTIOQUIA,ANGOSTURA,-75.335116,6.885175
ANTIOQUIA,ANORÍ,-75.148355,7.074703
ANTIOQUIA,SANTA FÉ DE ANTIOQUIA,-75.826648,6.556484
ANTIOQUIA,ANZÁ,-75.854442,6.302641
ANTIOQUIA,APARTADÓ,-76.625279,7.882968
ANTIOQUIA,ARBOLETES,-76.426708,8.849317
ANTIOQUIA,ARGELIA,-75.14107,5.731474
ANTIOQUIA,ARMENIA,-75.786647,6.155667
ANTIOQUIA,BARBOSA,-75.331627,6.439195
ANTIOQUIA,BELMIRA,-75.667779,6.606319
ANTIOQUIA,BELLO,-75.555245,6.333587
ANTIOQUIA,BETANIA,-75.97679,5.74615
ANTIOQUIA,BETULIA,-75.984452,6.115208
ANTIOQUIA,CIUDAD BOLÍVAR,-76.021509,5.850273
ANTIOQUIA,BRICEÑO,-75.55036,7.112803
ANTIOQUIA,BURITICÁ,-75907,6.720759
ANTIOQUIA,CÁCERES,-75.35205,7.578366
ANTIOQUIA,CAICEDO,-75.98293,6.405607
ANTIOQUIA,CALDAS,-75.633673,6.091077
ANTIOQUIA,CAMPAMENTO,-75.298091,6.979771
ANTIOQUIA,CAÑASGORDAS,-76.028228,6.753859
ANTIOQUIA,CARACOLÍ,-74.757421,6.409829
ANTIOQUIA,CARAMANTA,-75.643868,5.54853
ANTIOQUIA,CAREPA,-76.652652,7.755148
ANTIOQUIA,EL CARMEN DE VIBORAL,-75.333901,6.082885
ANTIOQUIA,CAROLINA,-75.283192,6.725995
ANTIOQUIA,CAUCASIA,-75.197996,7.977278
ANTIOQUIA,CHIGORODÓ,-76.681531,7.666147
ANTIOQUIA,CISNEROS,-75.087047,6.537829
ANTIOQUIA,COCORNÁ,-75.185483,6.058295
ANTIOQUIA,CONCEPCIÓN,-75.257587,6.394348
ANTIOQUIA,CONCORDIA,-75.908448,6.045738
ANTIOQUIA,COPACABANA,-75.509384,6.348557
ANTIOQUIA,DABEIBA,-76.261614,6.998112
ANTIOQUIA,DONMATÍAS,-75.39263,6.485603
ANTIOQUIA,EBÉJICO,-75.766413,6.325615
ANTIOQUIA,EL BAGRE,-74.799097,7.5975
ANTIOQUIA,ENTRERRÍOS,-75.517685,6.566273
ANTIOQUIA,ENVIGADO,-75.582192,6.166695
ANTIOQUIA,FREDONIA,-75.675072,5.928039
ANTIOQUIA,FRONTINO,-76.130765,6.776066
ANTIOQUIA,GIRALDO,-75.952158,6.680808
ANTIOQUIA,GIRARDOTA,-75.444238,6.379472
ANTIOQUIA,GÓMEZ PLATA,-75.220018,6.683269
ANTIOQUIA,GRANADA,-75.184446,6.142892
ANTIOQUIA,GUADALUPE,-75.239862,6.815069
ANTIOQUIA,GUARNE,-75.441612,6.27787
ANTIOQUIA,GUATAPÉ,-75.160041,6.232461
ANTIOQUIA,HELICONIA,-75.734322,6.206757
ANTIOQUIA,HISPANIA,-75.906587,5.799461
ANTIOQUIA,ITAGÜÍ,-75.612056,6.175079
ANTIOQUIA,ITUANGO,-75.764673,7.171629
ANTIOQUIA,JARDÍN,-75.818982,5.597542
ANTIOQUIA,JERICÓ,-75.785499,5.789748
ANTIOQUIA,LA CEJA,-75.429433,6.028062
ANTIOQUIA,LA ESTRELLA,-75.637708,6.145238
ANTIOQUIA,LA PINTADA,-75.60781,5.743808
ANTIOQUIA,LA UNIÓN,-75.360874,5.973845
ANTIOQUIA,LIBORINA,-75.812838,6.677316
ANTIOQUIA,MACEO,-74.78716,6.552116
ANTIOQUIA,MARINILLA,-75.339345,6.173995
ANTIOQUIA,MONTEBELLO,-75.523455,5.946313
ANTIOQUIA,MURINDÓ,-76.817485,6.97771
ANTIOQUIA,MUTATÁ,-76.435875,7.242875
ANTIOQUIA,NARIÑO,-75.176262,5.610777
ANTIOQUIA,NECOCLÍ,-76.787271,8.434526
ANTIOQUIA,NECHÍ,-74.77647,8.094129
ANTIOQUIA,OLAYA,-75.811773,6.626492
ANTIOQUIA,PEÑOL,-75.242693,6.219349
ANTIOQUIA,PEQUE,-75.910357,7.021029
ANTIOQUIA,PUEBLORRICO,-75.839903,5.79158
ANTIOQUIA,PUERTO BERRÍO,-74.410016,6.487028
ANTIOQUIA,PUERTO NARE,-74.583012,6.186025
ANTIOQUIA,PUERTO TRIUNFO,-74.64119,5.871318
ANTIOQUIA,REMEDIOS,-74.698135,7.029424
ANTIOQUIA,RETIRO,-75.501301,6.062454
ANTIOQUIA,RIONEGRO,-75.377316,6.147148
ANTIOQUIA,SABANALARGA,-75.816645,6.850028
ANTIOQUIA,SABANETA,-75.615479,6.149903
ANTIOQUIA,SALGAR,-75.976807,5.964198
ANTIOQUIA,SAN ANDRÉS DE CUERQUÍA,-75.674564,6.916676
ANTIOQUIA,SAN CARLOS,-74.988097,6.187746
ANTIOQUIA,SAN FRANCISCO,-75.101562,5.963476
ANTIOQUIA,SAN JERÓNIMO,-75.726975,6.44809
ANTIOQUIA,SAN JOSÉ DE LA MONTAÑA,-75.683352,6.85009
ANTIOQUIA,SAN JUAN DE URABÁ,-76.52857,8.758964
ANTIOQUIA,SAN LUIS,-74.993619,6.043017
ANTIOQUIA,SAN PEDRO DE LOS MILAGROS,-75.556743,6.46012
ANTIOQUIA,SAN PEDRO DE URABÁ,-76.380567,8.276884
ANTIOQUIA,SAN RAFAEL,-75.02849,6.293759
ANTIOQUIA,SAN ROQUE,-75.019109,6.485939
ANTIOQUIA,SAN VICENTE FERRER,-75.332616,6.282164
ANTIOQUIA,SANTA BÁRBARA,-75.567351,5.875527
ANTIOQUIA,SANTA ROSA DE OSOS,-75.460723,6.643366
ANTIOQUIA,SANTO DOMINGO,-75.164903,6.473032
ANTIOQUIA,EL SANTUARIO,-75.265465,6.136871
ANTIOQUIA,SEGOVIA,-74.701596,7.079648
ANTIOQUIA,SONSÓN,-75.309596,5.714851
ANTIOQUIA,SOPETRÁN,-75.747378,6.500745
ANTIOQUIA,TÁMESIS,-75.714429,5.664645
ANTIOQUIA,TARAZÁ,-75.401407,7.580127
ANTIOQUIA,TARSO,-75.822956,5.864542
ANTIOQUIA,TITIRIBÍ,-75.791887,6.062391
ANTIOQUIA,TOLEDO,-75.692281,7.010328
ANTIOQUIA,TURBO,-76.728858,8.089929
ANTIOQUIA,URAMITA,-76.173284,6.898393
ANTIOQUIA,URRAO,-76.133951,6.317343
ANTIOQUIA,VALDIVIA,-75.439274,7.1652
ANTIOQUIA,VALPARAÍSO,-75.624452,5.614555
ANTIOQUIA,VEGACHÍ,-74.798714,6.773525
ANTIOQUIA,VENECIA,-75.735544,5.964693
ANTIOQUIA,VIGÍA DEL FUERTE,-76.896004,6.588164
ANTIOQUIA,YALÍ,-74.840059,6.676554
ANTIOQUIA,YARUMAL,-75.418828,6.963832
ANTIOQUIA,YOLOMBÓ,-75.013385,6.594511
ANTIOQUIA,YONDÓ,-73.912445,7.00396
ANTIOQUIA,ZARAGOZA,-74.867075,7.488583
ATLÁNTICO,BARRANQUILLA,-74.815546,10.977961
ATLÁNTICO,BARANOA,-74.916077,10.79445
ATLÁNTICO,CAMPO DE LA CRUZ,-74.880847,10.378291
ATLÁNTICO,CANDELARIA,-74.879717,10.461903
ATLÁNTICO,GALAPA,-74.870385,10.919033
ATLÁNTICO,JUAN DE ACOSTA,-75.041032,10.83254
ATLÁNTICO,LURUACO,-75.14199,10.610491
ATLÁNTICO,MALAMBO,-74.776923,10.857086
ATLÁNTICO,MANATÍ,-74.956867,10.449089
ATLÁNTICO,PALMAR DE VARELA,-74.754765,10.738591
ATLÁNTICO,PIOJÓ,-75.107592,10.749216
ATLÁNTICO,POLONUEVO,-74.852981,10.777363
ATLÁNTICO,PONEDERA,-74.753885,10.641779
ATLÁNTICO,PUERTO COLOMBIA,-74.888627,11.015322
ATLÁNTICO,REPELÓN,-75.125534,10.493357
ATLÁNTICO,SABANAGRANDE,-74.759496,10.792453
ATLÁNTICO,SABANALARGA,-74.921256,10.632091
ATLÁNTICO,SANTA LUCÍA,-74.959204,10.324303
ATLÁNTICO,SANTO TOMÁS,-74.757859,10.758735
ATLÁNTICO,SOLEDAD,-74.786054,10.909921
ATLÁNTICO,SUAN,-74.881687,10.335432
ATLÁNTICO,TUBARÁ,-74.978704,10.873586
ATLÁNTICO,USIACURÍ,-74.976985,10.74298
"BOGOTÁ, D.C.","BOGOTÁ, D.C.",-74.106992,4.649251
BOLÍVAR,CARTAGENA DE INDIAS,-75.496269,10.385126
BOLÍVAR,ACHÍ,-74.557676,8.570107
BOLÍVAR,ALTOS DEL ROSARIO,-74.164905,8.791865
BOLÍVAR,ARENAL,-73.941099,8.458865
BOLÍVAR,ARJONA,-75.344332,10.25666
BOLÍVAR,ARROYOHONDO,-75.019215,10.250075
BOLÍVAR,BARRANCO DE LOBA,-74.104391,8.947787
BOLÍVAR,CALAMAR,-74.916144,10.250431
BOLÍVAR,CANTAGALLO,-73.914605,7.378678
BOLÍVAR,CICUCO,-74.645981,9.274281
BOLÍVAR,CÓRDOBA,-74.827399,9.586942
BOLÍVAR,CLEMENCIA,-75.328469,10.567452
BOLÍVAR,EL CARMEN DE BOLÍVAR,-75.121178,9.718653
BOLÍVAR,EL GUAMO,-74.976084,10.030958
BOLÍVAR,EL PEÑÓN,-73.949274,8.988271
BOLÍVAR,HATILLO DE LOBA,-74.077912,8.956014
BOLÍVAR,MAGANGUÉ,-74.766742,9.263799
BOLÍVAR,MAHATES,-75.191643,10.233285
BOLÍVAR,MARGARITA,-74.286785,9.153489
BOLÍVAR,MARÍA LA BAJA,-75.300516,9.982402
BOLÍVAR,MONTECRISTO,-74.471176,8.297234
BOLÍVAR,SANTA CRUZ DE MOMPOX,-74.42818,9.244241
BOLÍVAR,MORALES,-73.868172,8.276558
BOLÍVAR,NOROSÍ,-74.038003,8.526259
BOLÍVAR,PINILLOS,-74.462279,8.914947
BOLÍVAR,REGIDOR,-73.821638,8.666258
BOLÍVAR,RÍO VIEJO,-73.840466,8.58795
BOLÍVAR,SAN CRISTÓBAL,-75.065076,10.392836
BOLÍVAR,SAN ESTANISLAO,-75.153101,10.398602
BOLÍVAR,SAN FERNANDO,-74.323811,9.214183
BOLÍVAR,SAN JACINTO,-75.12105,9.830275
BOLÍVAR,SAN JACINTO DEL CAUCA,-74.721156,8.25158
BOLÍVAR,SAN JUAN NEPOMUCENO,-75.081761,9.953751
BOLÍVAR,SAN MARTÍN DE LOBA,-74.039134,8.937485
BOLÍVAR,SAN PABLO,-73.924602,7.476747
BOLÍVAR,SANTA CATALINA,-75.287855,10.605294
BOLÍVAR,SANTA ROSA,-75.369824,10.444396
BOLÍVAR,SANTA ROSA DEL SUR,-74.052243,7.963938
BOLÍVAR,SIMITÍ,-73.947264,7.953916
BOLÍVAR,SOPLAVIENTO,-75.136404,10.38839
BOLÍVAR,TALAIGUA NUEVO,-74.567479,9.30403
BOLÍVAR,TIQUISIO,-74.262922,8.558666
BOLÍVAR,TURBACO,-75.427249,10.348316
BOLÍVAR,TURBANA,-75.44265,10.274585
BOLÍVAR,VILLANUEVA,-75.275613,10.444089
BOLÍVAR,ZAMBRANO,-74.817879,9.746306
BOYACÁ,TUNJA,-73.355539,5.53988
BOYACÁ,ALMEIDA,-73.378933,4.970857
BOYACÁ,AQUITANIA,-72.88399,5.518602
BOYACÁ,ARCABUCO,-73.437503,5.755673
BOYACÁ,BELÉN,-72.911641,5.98923
BOYACÁ,BERBEO,-73.12721,5.227451
BOYACÁ,BETÉITIVA,-72.809014,5.909978
BOYACÁ,BOAVITA,-72.584905,6.330703
BOYACÁ,BOYACÁ,-73.361945,5.454578
BOYACÁ,BRICEÑO,-73.92326,5.690879
BOYACÁ,BUENAVISTA,-73.94217,5.512594
BOYACÁ,BUSBANZÁ,-72.884158,5.831393
BOYACÁ,CALDAS,-73.865553,5.55458
BOYACÁ,CAMPOHERMOSO,-73.104173,5.031676
BOYACÁ,CERINZA,-72.947918,5.955939
BOYACÁ,CHINAVITA,-73.368476,5.167486
BOYACÁ,CHIQUINQUIRÁ,-73.818745,5.61379
BOYACÁ,CHISCAS,-72.500957,6.553136
BOYACÁ,CHITA,-72.471892,6.187083
BOYACÁ,CHITARAQUE,-73.4471,6.027425
BOYACÁ,CHIVATÁ,-73.282529,5.558949
BOYACÁ,CIÉNEGA,-73.296049,5.408694
BOYACÁ,CÓMBITA,-73.323957,5.634545
BOYACÁ,COPER,-74.045636,5.475074
BOYACÁ,CORRALES,-72.844795,5.828064
BOYACÁ,COVARACHÍA,-72.738978,6.500177
BOYACÁ,CUBARÁ,-72.107939,6.997275
BOYACÁ,CUCAITA,-73.454338,5.544452
BOYACÁ,CUÍTIVA,-72.965923,5.580367
BOYACÁ,CHÍQUIZA,-73.449463,5.639834
BOYACÁ,CHIVOR,-73.368398,4.888173
BOYACÁ,DUITAMA,-73.03063,5.822964
BOYACÁ,EL COCUY,-72.444537,6.407738
BOYACÁ,EL ESPINO,-72.497007,6.483027
BOYACÁ,FIRAVITOBA,-72.993392,5.668885
BOYACÁ,FLORESTA,-72.918111,5.859519
BOYACÁ,GACHANTIVÁ,-73.549092,5.751891
BOYACÁ,GÁMEZA,-72.80553,5.802333
BOYACÁ,GARAGOA,-73.364413,5.083234
BOYACÁ,GUACAMAYAS,-72.500812,6.459667
BOYACÁ,GUATEQUE,-73.471207,5.007321
BOYACÁ,GUAYATÁ,-73.489698,4.967122
BOYACÁ,GÜICÁN DE LA SIERRA,-72.411763,6.462864
BOYACÁ,IZA,-72.979559,5.611577
BOYACÁ,JENESANO,-73.363738,5.385813
BOYACÁ,JERICÓ,-72.571122,6.145735
BOYACÁ,LABRANZAGRANDE,-72.57777,5.562687
BOYACÁ,LA CAPILLA,-73.444347,5.095687
BOYACÁ,LA VICTORIA,-74.234393,5.523792
BOYACÁ,LA UVITA,-72.559982,6.31616
BOYACÁ,VILLA DE LEYVA,-73.524948,5.632455
BOYACÁ,MACANAL,-73.319593,4.972464
BOYACÁ,MARIPÍ,-74.00405,5.550091
BOYACÁ,MIRAFLORES,-73.14563,5.196515
BOYACÁ,MONGUA,-72.79809,5.754242
BOYACÁ,MONGUÍ,-72.849292,5.723486
BOYACÁ,MONIQUIRÁ,-73.573374,5.876331
BOYACÁ,MOTAVITA,-73.367841,5.5777
BOYACÁ,MUZO,-74.10269,5.532758
BOYACÁ,NOBSA,-72.937042,5.768046
BOYACÁ,NUEVO COLÓN,-73.456759,5.355317
BOYACÁ,OICATÁ,-73.308399,5.595235
BOYACÁ,OTANCHE,-74.180965,5.657536
BOYACÁ,PACHAVITA,-73.396953,5.140065
BOYACÁ,PÁEZ,-73.052737,5.097319
BOYACÁ,PAIPA,-73.11782,5.779894
BOYACÁ,PAJARITO,-72.703231,5.293783
BOYACÁ,PANQUEBA,-72.459424,6.443416
BOYACÁ,PAUNA,-73.978449,5.656323
BOYACÁ,PAYA,-72.423775,5.625699
BOYACÁ,PAZ DE RÍO,-72.749137,5.987645
BOYACÁ,PESCA,-73.050872,5.558808
BOYACÁ,PISBA,-72.486023,5.72141
BOYACÁ,PUERTO BOYACÁ,-74.587782,5.976646
BOYACÁ,QUÍPAMA,-74.180033,5.52055
BOYACÁ,RAMIRIQUÍ,-73.334839,5.400303
BOYACÁ,RÁQUIRA,-73.632543,5.539136
BOYACÁ,RONDÓN,-73.208474,5.357378
BOYACÁ,SABOYÁ,-73.764456,5.697756
BOYACÁ,SÁCHICA,-73.542539,5.584305
BOYACÁ,SAMACÁ,-73.485589,5.492161
BOYACÁ,SAN EDUARDO,-73.077747,5.22401
BOYACÁ,SAN JOSÉ DE PARE,-73.545397,6.018924
BOYACÁ,SAN LUIS DE GACENO,-73.168076,4.81976
BOYACÁ,SAN MATEO,-72.555264,6.401683
BOYACÁ,SAN MIGUEL DE SEMA,-73.722009,5.518083
BOYACÁ,SAN PABLO DE BORBUR,-74.069963,5.650743
BOYACÁ,SANTANA,-73.481639,6.056866
BOYACÁ,SANTA MARÍA,-73.263518,4.857193
BOYACÁ,SANTA ROSA DE VITERBO,-72.982461,5.874547
BOYACÁ,SANTA SOFÍA,-73.602707,5.713269
BOYACÁ,SATIVANORTE,-72.708458,6.131132
BOYACÁ,SATIVASUR,-72.712435,6.093183
BOYACÁ,SIACHOQUE,-73.24466,5.511811
BOYACÁ,SOATÁ,-72.684051,6.331945
BOYACÁ,SOCOTÁ,-72.636653,6.041162
BOYACÁ,SOCHA,-72.691963,5.996717
BOYACÁ,SOGAMOSO,-72.924355,5.723976
BOYACÁ,SOMONDOCO,-73.433393,4.985726
BOYACÁ,SORA,-73.450153,5.56684
BOYACÁ,SOTAQUIRÁ,-73.246585,5.764986
BOYACÁ,SORACÁ,-73.332804,5.500898
BOYACÁ,SUSACÓN,-72.690289,6.230332
BOYACÁ,SUTAMARCHÁN,-73.620536,5.619781
BOYACÁ,SUTATENZA,-73.452317,5.022989
BOYACÁ,TASCO,-72.781011,5.909821
BOYACÁ,TENZA,-73.421176,5.076781
BOYACÁ,TIBANÁ,-73.396457,5.317251
BOYACÁ,TIBASOSA,-72.999449,5.74723
BOYACÁ,TINJACÁ,-73.646847,5.579713
BOYACÁ,TIPACOQUE,-72.691729,6.419203
BOYACÁ,TOCA,-73.184794,5.566464
BOYACÁ,TOGÜÍ,-73.513655,5.937438
BOYACÁ,TÓPAGA,-72.832245,5.768201
BOYACÁ,TOTA,-72.985898,5.560497
BOYACÁ,TUNUNGUÁ,-73.933155,5.730582
BOYACÁ,TURMEQUÉ,-73.491825,5.323261
BOYACÁ,TUTA,-73.230285,5.689082
BOYACÁ,TUTAZÁ,-72.856035,6.032608
BOYACÁ,ÚMBITA,-73.456917,5.221176
BOYACÁ,VENTAQUEMADA,-73.522368,5.368739
BOYACÁ,VIRACACHÁ,-73.296894,5.436833
BOYACÁ,ZETAQUIRA,-73.17098,5.283443
CALDAS,MANIZALES,-75.491025,5.057657
CALDAS,AGUADAS,-75.45487,5.610244
CALDAS,ANSERMA,-75.784343,5.236471
CALDAS,ARANZAZU,-75.49129,5.271195
CALDAS,BELALCÁZAR,-75.811918,4.993785
CALDAS,CHINCHINÁ,-75.607529,4.985227
CALDAS,FILADELFIA,-75.562474,5.297091
CALDAS,LA DORADA,-74.668819,5.460834
CALDAS,LA MERCED,-75.546486,5.39647
CALDAS,MANZANARES,-75.152829,5.255699
CALDAS,MARMATO,-75.600049,5.47422
CALDAS,MARQUETALIA,-75.053097,5.297525
CALDAS,MARULANDA,-75.259721,5.284304
CALDAS,NEIRA,-75.520006,5.166895
CALDAS,NORCASIA,-74.889543,5.574796
CALDAS,PÁCORA,-75.459621,5.527172
CALDAS,PALESTINA,-75.624577,5.017879
CALDAS,PENSILVANIA,-75.160299,5.383281
CALDAS,RIOSUCIO,-75.702104,5.423673
CALDAS,RISARALDA,-75.76722,5.164509
CALDAS,SALAMINA,-75.487223,5.403025
CALDAS,SAMANÁ,-74.992263,5.41308
CALDAS,SAN JOSÉ,-75.792063,5.08231
CALDAS,SUPÍA,-75.64966,5.446843
CALDAS,VICTORIA,-74.911239,5.317437
CALDAS,VILLAMARÍA,-75.502487,5.038925
CALDAS,VITERBO,-75.87061,5.062664
CAQUETÁ,FLORENCIA,-75.609831,1.618196
CAQUETÁ,ALBANIA,-75.878375,1.328526
CAQUETÁ,BELÉN DE LOS ANDAQUÍES,-75.872405,1.415812
CAQUETÁ,CARTAGENA DEL CHAIRÁ,-74.847867,1.332371
CAQUETÁ,CURILLO,-75.919205,1.033473
CAQUETÁ,EL DONCELLO,-75.283631,1.679951
CAQUETÁ,EL PAUJÍL,-75.326093,1.570226
CAQUETÁ,LA MONTAÑITA,-75.436408,1.479173
CAQUETÁ,MILÁN,-75.506926,1.29021
CAQUETÁ,MORELIA,-75.724146,1.486611
CAQUETÁ,PUERTO RICO,-75.157604,1.909063
CAQUETÁ,SAN JOSÉ DEL FRAGUA,-75.973796,1.330266
CAQUETÁ,SAN VICENTE DEL CAGUÁN,-74.767894,2.119413
CAQUETÁ,SOLANO,-75.253702,0.699077
CAQUETÁ,SOLITA,-75.619902,0.87654
CAQUETÁ,VALPARAÍSO,-75.70671,1.194619
CAUCA,POPAYÁN,-76.599377,2.459641
CAUCA,ALMAGUER,-76.85607,1.913429
CAUCA,ARGELIA,-77.24905,2.257427
CAUCA,BALBOA,-77.215773,2.040998
CAUCA,BOLÍVAR,-76.966215,1.837538
CAUCA,BUENOS AIRES,-76.642238,3.015382
CAUCA,CAJIBÍO,-76.570682,2.623371
CAUCA,CALDONO,-76.484319,2.798059
CAUCA,CALOTO,-76.408941,3.034531
CAUCA,CORINTO,-76.261866,3.173854
CAUCA,EL TAMBO,-76.810911,2.451409
CAUCA,FLORENCIA,-77.072547,1.682535
CAUCA,GUACHENÉ,-76.392189,3.134153
CAUCA,GUAPI,-77.88797,2.571337
CAUCA,INZÁ,-76.063503,2.549183
CAUCA,JAMBALÓ,-76.323877,2.777834
CAUCA,LA SIERRA,-76.763278,2.179383
CAUCA,LA VEGA,-76.778771,2.001803
CAUCA,LÓPEZ DE MICAY,-77.247803,2.846788
CAUCA,MERCADERES,-77.164319,1.789193
CAUCA,MIRANDA,-76.228722,3.254651
CAUCA,MORALES,-76.629106,2.754684
CAUCA,PADILLA,-76.313265,3.220984
CAUCA,PÁEZ,-75.970685,2.645724
CAUCA,PATÍA,-76.981075,2.115875
CAUCA,PIAMONTE,-76.327588,1.11754
CAUCA,PIENDAMÓ - TUNÍA,-76.528615,2.64228
CAUCA,PUERTO TEJADA,-76.417673,3.233254
CAUCA,PURACÉ,-76.496698,2.341507
CAUCA,ROSAS,-76.740336,2.260941
CAUCA,SAN SEBASTIÁN,-76.769467,1.838451
CAUCA,SANTANDER DE QUILICHAO,-76.485141,3.015008
CAUCA,SANTA ROSA,-76.573252,1.700916
CAUCA,SILVIA,-76.379753,2.611927
CAUCA,SOTARÁ PAISPAMBA,-76.613365,2.253156
CAUCA,SUÁREZ,-76.69357,2.959785
CAUCA,SUCRE,-76.926279,2.038237
CAUCA,TIMBÍO,-76.684476,2.349686
CAUCA,TIMBIQUÍ,-77.667541,2.777312
CAUCA,TORIBÍO,-76.270284,2.953017
CAUCA,TOTORÓ,-76.403628,2.510252
CAUCA,VILLA RICA,-76.458025,3.17762
CESAR,VALLEDUPAR,-73.259398,10.460472
CESAR,AGUACHICA,-73.614027,8.306811
CESAR,AGUSTÍN CODAZZI,-73.238389,10.040454
CESAR,ASTREA,-73.975842,9.498062
CESAR,BECERRIL,-73.278707,9.704404
CESAR,BOSCONIA,-73.888761,9.975098
CESAR,CHIMICHAGUA,-73.813278,9.25875
CESAR,CHIRIGUANÁ,-73.599913,9.361058
CESAR,CURUMANÍ,-73.540843,9.201716
CESAR,EL COPEY,-73.962703,10.149883
CESAR,EL PASO,-73.742012,9.668461
CESAR,GAMARRA,-73.737558,8.324793
CESAR,GONZÁLEZ,-73.38004,8.389604
CESAR,LA GLORIA,-73.80321,8.619298
CESAR,LA JAGUA DE IBIRICO,-73.334143,9.563752
CESAR,MANAURE BALCÓN DEL CESAR,-73.029472,10.390776
CESAR,PAILITAS,-73.625825,8.959399
CESAR,PELAYA,-73.666735,8.689451
CESAR,PUEBLO BELLO,-73.586211,10.417321
CESAR,RÍO DE ORO,-73.386393,8.292292
CESAR,LA PAZ,-73.171365,10.387552
CESAR,SAN ALBERTO,-73.393889,7.76111
CESAR,SAN DIEGO,-73.181208,10.333039
CESAR,SAN MARTÍN,-73.510914,7.999855
CESAR,TAMALAMEQUE,-73.812172,8.861725
CÓRDOBA,MONTERÍA,-75.873096,8.759789
CÓRDOBA,AYAPEL,-75.146048,8.313838
CÓRDOBA,BUENAVISTA,-75.480897,8.221187
CÓRDOBA,CANALETE,-76.241476,8.786939
CÓRDOBA,CERETÉ,-75.796093,8.888532
CÓRDOBA,CHIMÁ,-75.626886,9.149698
CÓRDOBA,CHINÚ,-75.399633,9.105473
CÓRDOBA,CIÉNAGA DE ORO,-75.620807,8.875794
CÓRDOBA,COTORRA,-75.799216,9.037163
CÓRDOBA,LA APARTADA,-75.336031,8.050125
CÓRDOBA,LORICA,-75.816084,9.240789
CÓRDOBA,LOS CÓRDOBAS,-76.35518,8.892098
CÓRDOBA,MOMIL,-75.67796,9.240707
CÓRDOBA,MONTELÍBANO,-75.416818,7.973777
CÓRDOBA,MOÑITOS,-76.1291,9.245223
CÓRDOBA,PLANETA RICA,-75.583241,8.4082
CÓRDOBA,PUEBLO NUEVO,-75.508035,8.504099
CÓRDOBA,PUERTO ESCONDIDO,-76.260411,9.005372
CÓRDOBA,PUERTO LIBERTADOR,-75.671761,7.888859
CÓRDOBA,PURÍSIMA DE LA CONCEPCIÓN,-75.724987,9.239295
CÓRDOBA,SAHAGÚN,-75.445834,8.943048
CÓRDOBA,SAN ANDRÉS DE SOTAVENTO,-75.50879,9.145448
CÓRDOBA,SAN ANTERO,-75.76112,9.376434
CÓRDOBA,SAN BERNARDO DEL VIENTO,-75.955107,9.35247
CÓRDOBA,SAN CARLOS,-75.698799,8.799282
CÓRDOBA,SAN JOSÉ DE URÉ,-75.533476,7.787303
CÓRDOBA,SAN PELAYO,-75.835615,8.958436
CÓRDOBA,TIERRALTA,-76.059797,8.170612
CÓRDOBA,TUCHÍN,-75.553962,9.186625
CÓRDOBA,VALENCIA,-76.150756,8.255016
CUNDINAMARCA,AGUA DE DIOS,-74.669221,4.375309
CUNDINAMARCA,ALBÁN,-74.438261,4.878022
CUNDINAMARCA,ANAPOIMA,-74.528676,4.562737
CUNDINAMARCA,ANOLAIMA,-74.46384,4.7617
CUNDINAMARCA,ARBELÁEZ,-74.414901,4.272534
CUNDINAMARCA,BELTRÁN,-74.741666,4.802832
CUNDINAMARCA,BITUIMA,-74.539609,4.872171
CUNDINAMARCA,BOJACÁ,-74.344594,4.737205
CUNDINAMARCA,CABRERA,-74.484549,3.985164
CUNDINAMARCA,CACHIPAY,-74.435711,4.730957
CUNDINAMARCA,CAJICÁ,-74.02298,4.920009
CUNDINAMARCA,CAPARRAPÍ,-74.491045,5.34758
CUNDINAMARCA,CÁQUEZA,-73.946473,4.404112
CUNDINAMARCA,CARMEN DE CARUPA,-73.901357,5.349119
CUNDINAMARCA,CHAGUANÍ,-74.593455,4.948916
CUNDINAMARCA,CHÍA,-74.05,4.866508
CUNDINAMARCA,CHIPAQUE,-74.044876,4.442671
CUNDINAMARCA,CHOACHÍ,-73.922894,4.527048
CUNDINAMARCA,CHOCONTÁ,-73.683533,5.145224
CUNDINAMARCA,COGUA,-73.978497,5.061842
CUNDINAMARCA,COTA,-74.102569,4.812564
CUNDINAMARCA,CUCUNUBÁ,-73.766113,5.249795
CUNDINAMARCA,EL COLEGIO,-74.442261,4.577951
CUNDINAMARCA,EL PEÑÓN,-74.290207,5.248747
CUNDINAMARCA,EL ROSAL,-74.263103,4.850589
CUNDINAMARCA,FACATATIVÁ,-74.350085,4.813353
CUNDINAMARCA,FÓMEQUE,-73.892523,4.485474
CUNDINAMARCA,FOSCA,-73.93902,4.339093
CUNDINAMARCA,FUNZA,-74.201528,4.710412
CUNDINAMARCA,FÚQUENE,-73.795855,5.403997
CUNDINAMARCA,FUSAGASUGÁ,-74.37543,4.336723
CUNDINAMARCA,GACHALÁ,-73.520161,4.693579
CUNDINAMARCA,GACHANCIPÁ,-73.873464,4.990947
CUNDINAMARCA,GACHETÁ,-73.636377,4.816411
CUNDINAMARCA,GAMA,-73.611037,4.763325
CUNDINAMARCA,GIRARDOT,-74.798201,4.313069
CUNDINAMARCA,GRANADA,-74.350766,4.519763
CUNDINAMARCA,GUACHETÁ,-73.686972,5.383378
CUNDINAMARCA,GUADUAS,-74.603402,5.072076
CUNDINAMARCA,GUASCA,-73.877143,4.866719
CUNDINAMARCA,GUATAQUÍ,-74.790058,4.517517
CUNDINAMARCA,GUATAVITA,-73.83293,4.935211
CUNDINAMARCA,GUAYABAL DE SÍQUIMA,-74.467437,4.877968
CUNDINAMARCA,GUAYABETAL,-73.815107,4.215306
CUNDINAMARCA,GUTIÉRREZ,-74.003042,4.254679
CUNDINAMARCA,JERUSALÉN,-74.695474,4.562273
CUNDINAMARCA,JUNÍN,-73.662961,4.79057
CUNDINAMARCA,LA CALERA,-73.968161,4.721104
CUNDINAMARCA,LA MESA,-74.461588,4.631028
CUNDINAMARCA,LA PALMA,-74.391022,5.358816
CUNDINAMARCA,LA PEÑA,-74.394105,5.198945
CUNDINAMARCA,LA VEGA,-74.336885,4.997768
CUNDINAMARCA,LENGUAZAQUE,-73.711512,5.306131
CUNDINAMARCA,MACHETÁ,-73.608226,5.08007
CUNDINAMARCA,MADRID,-74.265854,4.732791
CUNDINAMARCA,MANTA,-73.540444,5.009008
CUNDINAMARCA,MEDINA,-73.348449,4.506298
CUNDINAMARCA,MOSQUERA,-74.221154,4.70653
CUNDINAMARCA,NARIÑO,-74.824732,4.399837
CUNDINAMARCA,NEMOCÓN,-73.877888,5.068705
CUNDINAMARCA,NILO,-74.620009,4.305838
CUNDINAMARCA,NIMAIMA,-74.38604,5.125992
CUNDINAMARCA,NOCAIMA,-74.379093,5.069466
CUNDINAMARCA,VENECIA,-74.478301,4.089056
CUNDINAMARCA,PACHO,-74.156132,5.136907
CUNDINAMARCA,PAIME,-74.152213,5.370487
CUNDINAMARCA,PANDI,-74.486641,4.190393
CUNDINAMARCA,PARATEBUENO,-73.212825,4.374832
CUNDINAMARCA,PASCA,-74.302276,4.308979
CUNDINAMARCA,PUERTO SALGAR,-74.653695,5.465413
CUNDINAMARCA,PULÍ,-74.71438,4.682022
CUNDINAMARCA,QUEBRADANEGRA,-74.48014,5.118076
CUNDINAMARCA,QUETAME,-73.863214,4.329884
CUNDINAMARCA,QUIPILE,-74.533705,4.74481
CUNDINAMARCA,APULO,-74.593926,4.520304
CUNDINAMARCA,RICAURTE,-74.772861,4.282113
CUNDINAMARCA,SAN ANTONIO DEL TEQUENDAMA,-74.351443,4.616138
CUNDINAMARCA,SAN BERNARDO,-74.42296,4.179433
CUNDINAMARCA,SAN CAYETANO,-74.024754,5.332938
CUNDINAMARCA,SAN FRANCISCO,-74.289672,4.972917
CUNDINAMARCA,SAN JUAN DE RIOSECO,-74.621919,4.847575
CUNDINAMARCA,SASAIMA,-74.432628,4.962167
CUNDINAMARCA,SESQUILÉ,-73.796099,5.04476
CUNDINAMARCA,SIBATÉ,-74.257874,4.492625
CUNDINAMARCA,SILVANIA,-74.405534,4.381981
CUNDINAMARCA,SIMIJACA,-73.850703,5.505231
CUNDINAMARCA,SOACHA,-74.215463,4.579268
CUNDINAMARCA,SOPÓ,-73.943328,4.915395
CUNDINAMARCA,SUBACHOQUE,-74.172773,4.929118
CUNDINAMARCA,SUESCA,-73.798227,5.103495
CUNDINAMARCA,SUPATÁ,-74.235403,5.06162
CUNDINAMARCA,SUSA,-73.813938,5.455291
CUNDINAMARCA,SUTATAUSA,-73.853159,5.247482
CUNDINAMARCA,TABIO,-74.096461,4.916832
CUNDINAMARCA,TAUSA,-73.887813,5.196333
CUNDINAMARCA,TENA,-74.389193,4.655286
CUNDINAMARCA,TENJO,-74.143724,4.872014
CUNDINAMARCA,TIBACUY,-74.452662,4.348605
CUNDINAMARCA,TIBIRITA,-73.504514,5.052278
CUNDINAMARCA,TOCAIMA,-74.636296,4.459279
CUNDINAMARCA,TOCANCIPÁ,-73.91207,4.964641
CUNDINAMARCA,TOPAIPÍ,-74.300626,5.336224
CUNDINAMARCA,UBALÁ,-73.531489,4.74762
CUNDINAMARCA,UBAQUE,-73.933477,4.483788
CUNDINAMARCA,VILLA DE SAN DIEGO DE UBATÉ,-73.814367,5.307463
CUNDINAMARCA,UNE,-74.025183,4.40245
CUNDINAMARCA,ÚTICA,-74.483154,5.19055
CUNDINAMARCA,VERGARA,-74.346163,5.117258
CUNDINAMARCA,VIANÍ,-74.56132,4.875208
CUNDINAMARCA,VILLAGÓMEZ,-74.195145,5.273024
CUNDINAMARCA,VILLAPINZÓN,-73.595704,5.216393
CUNDINAMARCA,VILLETA,-74.469686,5.012754
CUNDINAMARCA,VIOTÁ,-74.523131,4.43935
CUNDINAMARCA,YACOPÍ,-74.33806,5.459272
CUNDINAMARCA,ZIPACÓN,-74.379566,4.759932
CUNDINAMARCA,ZIPAQUIRÁ,-73.994444,5.025477
CHOCÓ,QUIBDÓ,-76.638144,5.682166
CHOCÓ,ACANDÍ,-77.279951,8.512178
CHOCÓ,ALTO BAUDÓ,-76.974373,5.516221
CHOCÓ,ATRATO,-76.635674,5.531419
CHOCÓ,BAGADÓ,-76.416063,5.409681
CHOCÓ,BAHÍA SOLANO,-77.401359,6.222807
CHOCÓ,BAJO BAUDÓ,-77.365717,4.954576
CHOCÓ,BOJAYÁ,-76.886773,6.559708
CHOCÓ,EL CANTÓN DEL SAN PABLO,-76.726844,5.335321
CHOCÓ,CARMEN DEL DARIÉN,-76.970798,7.158294
CHOCÓ,CÉRTEGUI,-76.607619,5.371373
CHOCÓ,CONDOTO,-76.650683,5.091003
CHOCÓ,EL CARMEN DE ATRATO,-76.142112,5.899789
CHOCÓ,EL LITORAL DEL SAN JUAN,-77.363702,4.259564
CHOCÓ,ISTMINA,-76.68518,5.153946
CHOCÓ,JURADÓ,-77.762751,7.103619
CHOCÓ,LLORÓ,-76.545147,5.49789
CHOCÓ,MEDIO ATRATO,-76.783042,5.994935
CHOCÓ,MEDIO BAUDÓ,-76.950891,5.192471
CHOCÓ,MEDIO SAN JUAN,-76.694409,5.098291
CHOCÓ,NÓVITA,-76.609467,4.956063
CHOCÓ,NUEVO BELÉN DE BAJIRÁ,-76.71727,7.3719
CHOCÓ,NUQUÍ,-77.265507,5.709812
CHOCÓ,RÍO IRÓ,-76.472925,5.1863
CHOCÓ,RÍO QUITO,-76.740684,5.483667
CHOCÓ,RIOSUCIO,-77.113156,7.436704
CHOCÓ,SAN JOSÉ DEL PALMAR,-76.234227,4.896954
CHOCÓ,SIPÍ,-76.643453,4.65262
CHOCÓ,TADÓ,-76.558571,5.264873
CHOCÓ,UNGUÍA,-77.092538,8.04406
CHOCÓ,UNIÓN PANAMERICANA,-76.630143,5.281108
HUILA,NEIVA,-75.277327,2.935432
HUILA,ACEVEDO,-75.888706,1.805173
HUILA,AGRADO,-75.772022,2.25987
HUILA,AIPE,-75.239017,3.223996
HUILA,ALGECIRAS,-75.315389,2.521674
HUILA,ALTAMIRA,-75.788471,2.063841
HUILA,BARAYA,-75.054843,3.152204
HUILA,CAMPOALEGRE,-75.325748,2.686767
HUILA,COLOMBIA,-74.802815,3.376745
HUILA,ELÍAS,-75.938301,2.012854
HUILA,GARZÓN,-75.627057,2.196493
HUILA,GIGANTE,-75.547681,2.384031
HUILA,GUADALUPE,-75.757185,2.02426
HUILA,HOBO,-75.447697,2.580812
HUILA,ÍQUIRA,-75.634497,2.649359
HUILA,ISNOS,-76.217637,1.929467
HUILA,LA ARGENTINA,-75.979763,2.198496
HUILA,LA PLATA,-75.891254,2.389263
HUILA,NÁTAGA,-75.808756,2.5451
HUILA,OPORAPA,-75.995165,2.025088
HUILA,PAICOL,-75.773158,2.449651
HUILA,PALERMO,-75.435296,2.889649
HUILA,PALESTINA,-76.133251,1.723725
HUILA,PITAL,-75.804544,2.266618
HUILA,PITALITO,-76.049441,1.852631
HUILA,RIVERA,-75.258753,2.777586
HUILA,SALADOBLANCO,-76.044747,1.9934
HUILA,SAN AGUSTÍN,-76.27036,1.881081
HUILA,SANTA MARÍA,-75.586223,2.939603
HUILA,SUAZA,-75.79525,1.976051
HUILA,TARQUI,-75.823976,2.111325
HUILA,TESALIA,-75.730271,2.486364
HUILA,TELLO,-75.138773,3.067538
HUILA,TERUEL,-75.567034,2.740968
HUILA,TIMANÁ,-75.932167,1.974539
HUILA,VILLAVIEJA,-75.217174,3.218822
HUILA,YAGUARÁ,-75.518023,2.664694
LA GUAJIRA,RIOHACHA,-72.911795,11.528588
LA GUAJIRA,ALBANIA,-72.61232,11.151628
LA GUAJIRA,BARRANCAS,-72.793639,10.958669
LA GUAJIRA,DIBULLA,-73.307598,11.27155
LA GUAJIRA,DISTRACCIÓN,-72.887405,10.898414
LA GUAJIRA,EL MOLINO,-72.92673,10.653505
LA GUAJIRA,FONSECA,-72.846319,10.886734
LA GUAJIRA,HATONUEVO,-72.75904,11.068864
LA GUAJIRA,LA JAGUA DEL PILAR,-73.072638,10.511862
LA GUAJIRA,MAICAO,-72.242738,11.378535
LA GUAJIRA,MANAURE,-72.438739,11.773767
LA GUAJIRA,SAN JUAN DEL CESAR,-73.000629,10.769546
LA GUAJIRA,URIBIA,-72.265906,11.711904
LA GUAJIRA,URUMITA,-73.012507,10.560169
LA GUAJIRA,VILLANUEVA,-72.977583,10.608774
MAGDALENA,SANTA MARTA,-74.199829,11.204679
MAGDALENA,ALGARROBO,-74.061132,10.188059
MAGDALENA,ARACATACA,-74.186702,10.589791
MAGDALENA,ARIGUANÍ,-74.236515,9.847047
MAGDALENA,CERRO DE SAN ANTONIO,-74.868474,10.325531
MAGDALENA,CHIVOLO,-74.622242,10.026631
MAGDALENA,CIÉNAGA,-74.241286,11.006654
MAGDALENA,CONCORDIA,-74.83303,10.257314
MAGDALENA,EL BANCO,-73.97437,9.008503
MAGDALENA,EL PIÑÓN,-74.823094,10.402781
MAGDALENA,EL RETÉN,-74.268444,10.610488
MAGDALENA,FUNDACIÓN,-74.191453,10.514146
MAGDALENA,GUAMAL,-74.223689,9.144354
MAGDALENA,NUEVA GRANADA,-74.391841,9.80186
MAGDALENA,PEDRAZA,-74.9154,10.18825
MAGDALENA,PIJIÑO DEL CARMEN,-74.459034,9.331922
MAGDALENA,PIVIJAY,-74.613312,10.460707
MAGDALENA,PLATO,-74.784549,9.796713
MAGDALENA,PUEBLOVIEJO,-74.28253,10.994766
MAGDALENA,REMOLINO,-74.716172,10.701952
MAGDALENA,SABANAS DE SAN ÁNGEL,-74.213946,10.032536
MAGDALENA,SALAMINA,-74.794189,10.491229
MAGDALENA,SAN SEBASTIÁN DE BUENAVISTA,-74.351498,9.241656
MAGDALENA,SAN ZENÓN,-74.498992,9.245061
MAGDALENA,SANTA ANA,-74.566845,9.324294
MAGDALENA,SANTA BÁRBARA DE PINTO,-74.704667,9.432263
MAGDALENA,SITIONUEVO,-74.720021,10.775285
MAGDALENA,TENERIFE,-74.859783,9.898273
MAGDALENA,ZAPAYÁN,-74.716878,10.168297
MAGDALENA,ZONA BANANERA,-74.140091,10.763024
META,VILLAVICENCIO,-73.622601,4.126369
META,ACACÍAS,-73.766034,3.990413
META,BARRANCA DE UPÍA,-72.961083,4.566225
META,CABUYARO,-72.791768,4.286705
META,CASTILLA LA NUEVA,-73.687302,3.830005
META,CUBARRAL,-73.837999,3.793653
META,CUMARAL,-73.487052,4.270042
META,EL CALVARIO,-73.713325,4.352665
META,EL CASTILLO,-73.794225,3.563907
META,EL DORADO,-73.835264,3.739984
META,FUENTE DE ORO,-73.618121,3.462875
META,GRANADA,-73.705815,3.547147
META,GUAMAL,-73.768815,3.879657
META,MAPIRIPÁN,-72.135509,2.896617
META,MESETAS,-74.044328,3.382732
META,LA MACARENA,-73.78661,2.177143
META,URIBE,-74.351508,3.239634
META,LEJANÍAS,-74.023514,3.525115
META,PUERTO CONCORDIA,-72.760209,2.624006
META,PUERTO GAITÁN,-72.087649,4.314905
META,PUERTO LÓPEZ,-72.957324,4.09349
META,PUERTO LLERAS,-73.37385,3.272117
META,PUERTO RICO,-73.206314,2.939621
META,RESTREPO,-73.565408,4.259556
META,SAN CARLOS DE GUAROA,-73.242253,3.71065
META,SAN JUAN DE ARAMA,-73.875832,3.373728
META,SAN JUANITO,-73.676699,4.458181
META,SAN MARTÍN,-73.695812,3.701899
META,VISTAHERMOSA,-73.750966,3.125579
NARIÑO,PASTO,-77.278795,1.212352
NARIÑO,ALBÁN,-77.080712,1.474978
NARIÑO,ALDANA,-77.700564,0.882381
NARIÑO,ANCUYA,-77.514512,1.263276
NARIÑO,ARBOLEDA,-77.135467,1.503418
NARIÑO,BARBACOAS,-78.13765,1.671733
NARIÑO,BELÉN,-77.015619,1.595681
NARIÑO,BUESACO,-77.156463,1.381453
NARIÑO,COLÓN,-77.019777,1.643878
NARIÑO,CONSACÁ,-77.466136,1.207854
NARIÑO,CONTADERO,-77.549409,0.910458
NARIÑO,CÓRDOBA,-77.517897,0.854564
NARIÑO,CUASPUD CARLOSAMA,-77.728947,0.862978
NARIÑO,CUMBAL,-77.792505,0.906367
NARIÑO,CUMBITARA,-77.578616,1.647163
NARIÑO,CHACHAGÜÍ,-77.281869,1.360545
NARIÑO,EL CHARCO,-78.110217,2.479688
NARIÑO,EL PEÑOL,-77.438522,1.453567
NARIÑO,EL ROSARIO,-77.33417,1.745309
NARIÑO,EL TABLÓN DE GÓMEZ,-77.097101,1.427277
NARIÑO,EL TAMBO,-77.390772,1.407913
NARIÑO,FUNES,-77.448913,1.001159
NARIÑO,GUACHUCAL,-77.731589,0.959744
NARIÑO,GUAITARILLA,-77.549824,1.129574
NARIÑO,GUALMATÁN,-77.568701,0.919652
NARIÑO,ILES,-77.521227,0.96952
NARIÑO,IMUÉS,-77.496339,1.05506
NARIÑO,IPIALES,-77.646367,0.827732
NARIÑO,LA CRUZ,-76.970504,1.601318
NARIÑO,LA FLORIDA,-77.402882,1.29753
NARIÑO,LA LLANADA,-77.58091,1.472892
NARIÑO,LA TOLA,-78.189725,2.398999
NARIÑO,LA UNIÓN,-77.131316,1.600219
NARIÑO,LEIVA,-77.306135,1.934453
NARIÑO,LINARES,-77.523953,1.350814
NARIÑO,LOS ANDES,-77.521303,1.494587
NARIÑO,MAGÜÍ,-78.182924,1.765633
NARIÑO,MALLAMA,-77.864549,1.141037
NARIÑO,MOSQUERA,-78.452992,2.507139
NARIÑO,NARIÑO,-77.357972,1.288979
NARIÑO,OLAYA HERRERA,-78.325814,2.347457
NARIÑO,OSPINA,-77.566082,1.058433
NARIÑO,FRANCISCO PIZARRO,-78.658361,2.040629
NARIÑO,POLICARPA,-77.458686,1.627196
NARIÑO,POTOSÍ,-77.573003,0.806639
NARIÑO,PROVIDENCIA,-77.596794,1.237814
NARIÑO,PUERRES,-77.504211,0.885125
NARIÑO,PUPIALES,-77.636042,0.870442
NARIÑO,RICAURTE,-77.995153,1.212492
NARIÑO,ROBERTO PAYÁN,-78.245716,1.697492
NARIÑO,SAMANIEGO,-77.594341,1.335438
NARIÑO,SANDONÁ,-77.47313,1.283438
NARIÑO,SAN BERNARDO,-77.0475,1.513762
NARIÑO,SAN LORENZO,-77.21542,1.503362
NARIÑO,SAN PABLO,-77.013984,1.669429
NARIÑO,SAN PEDRO DE CARTAGO,-77.11941,1.551572
NARIÑO,SANTA BÁRBARA,-77.979916,2.449653
NARIÑO,SANTACRUZ,-77.677035,1.222589
NARIÑO,SAPUYES,-77.62028,1.037536
NARIÑO,TAMINANGO,-77.2808,1.570358
NARIÑO,TANGUA,-77.393735,1.09482
NARIÑO,SAN ANDRÉS DE TUMACO,-78.764073,1.807399
NARIÑO,TÚQUERRES,-77.61672,1.085044
NARIÑO,YACUANQUER,-77.400169,1.115937
NORTE DE SANTANDER,SAN JOSÉ DE CÚCUTA,-72.508178,7.905725
NORTE DE SANTANDER,ÁBREGO,-73.221722,8.081616
NORTE DE SANTANDER,ARBOLEDAS,-72.798952,7.642985
NORTE DE SANTANDER,BOCHALEMA,-72.64701,7.612192
NORTE DE SANTANDER,BUCARASICA,-72.868231,8.041299
NORTE DE SANTANDER,CÁCOTA,-72.642059,7.268705
NORTE DE SANTANDER,CÁCHIRA,-73.048983,7.741248
NORTE DE SANTANDER,CHINÁCOTA,-72.601162,7.603112
NORTE DE SANTANDER,CHITAGÁ,-72.665468,7.138187
NORTE DE SANTANDER,CONVENCIÓN,-73.3372,8.470374
NORTE DE SANTANDER,CUCUTILLA,-72.772816,7.539633
NORTE DE SANTANDER,DURANIA,-72.658491,7.714804
NORTE DE SANTANDER,EL CARMEN,-73.446687,8.510579
NORTE DE SANTANDER,EL TARRA,-73.09614,8.574281
NORTE DE SANTANDER,EL ZULIA,-72.604717,7.938572
NORTE DE SANTANDER,GRAMALOTE,-72.787233,7.916946
NORTE DE SANTANDER,HACARÍ,-73.145997,8.321506
NORTE DE SANTANDER,HERRÁN,-72.483519,7.506541
NORTE DE SANTANDER,LABATECA,-72.495983,7.298414
NORTE DE SANTANDER,LA ESPERANZA,-73.328126,7.639839
NORTE DE SANTANDER,LA PLAYA,-73.239986,8.21124
NORTE DE SANTANDER,LOS PATIOS,-72.505612,7.833186
NORTE DE SANTANDER,LOURDES,-72.832376,7.945631
NORTE DE SANTANDER,MUTISCUA,-72.747169,7.300469
NORTE DE SANTANDER,OCAÑA,-73.35607,8.248574
NORTE DE SANTANDER,PAMPLONA,-72.647714,7.372802
NORTE DE SANTANDER,PAMPLONITA,-72.639111,7.436745
NORTE DE SANTANDER,PUERTO SANTANDER,-72.411363,8.359993
NORTE DE SANTANDER,RAGONVALIA,-72.476708,7.577861
NORTE DE SANTANDER,SALAZAR,-72.813064,7.773683
NORTE DE SANTANDER,SAN CALIXTO,-73.208622,8.40214
NORTE DE SANTANDER,SAN CAYETANO,-72.625459,7.875695
NORTE DE SANTANDER,SANTIAGO,-72.716203,7.865856
NORTE DE SANTANDER,SARDINATA,-72.800577,8.082105
NORTE DE SANTANDER,SILOS,-72.757128,7.204736
NORTE DE SANTANDER,TEORAMA,-73.28707,8.438134
NORTE DE SANTANDER,TIBÚ,-72.734496,8.639891
NORTE DE SANTANDER,TOLEDO,-72.481915,7.307692
NORTE DE SANTANDER,VILLA CARO,-72.973601,7.914244
NORTE DE SANTANDER,VILLA DEL ROSARIO,-72.469758,7.847672
QUINDÍO,ARMENIA,-75.680786,4.53598
QUINDÍO,BUENAVISTA,-75.739572,4.360029
QUINDÍO,CALARCÁ,-75.646085,4.520982
QUINDÍO,CIRCASIA,-75.636533,4.617759
QUINDÍO,CÓRDOBA,-75.687866,4.392485
QUINDÍO,FILANDIA,-75.658387,4.674338
QUINDÍO,GÉNOVA,-75.790402,4.206641
QUINDÍO,LA TEBAIDA,-75.786887,4.453755
QUINDÍO,MONTENEGRO,-75.749827,4.565057
QUINDÍO,PIJAO,-75.703329,4.335036
QUINDÍO,QUIMBAYA,-75.765074,4.624387
QUINDÍO,SALENTO,-75.570844,4.637157
RISARALDA,PEREIRA,-75.719711,4.804985
RISARALDA,APÍA,-75.942356,5.106526
RISARALDA,BALBOA,-75.958663,4.949096
RISARALDA,BELÉN DE UMBRÍA,-75.868334,5.200793
RISARALDA,DOSQUEBRADAS,-75.675371,4.833131
RISARALDA,GUÁTICA,-75.799005,5.315367
RISARALDA,LA CELIA,-76.0032,5.002787
RISARALDA,LA VIRGINIA,-75.880394,4.896624
RISARALDA,MARSELLA,-75.73879,4.935771
RISARALDA,MISTRATÓ,-75.882886,5.297039
RISARALDA,PUEBLO RICO,-76.030801,5.222043
RISARALDA,QUINCHÍA,-75.730431,5.340456
RISARALDA,SANTA ROSA DE CABAL,-75.623268,4.876271
RISARALDA,SANTUARIO,-75.964628,5.074911
SANTANDER,BUCARAMANGA,-73.132562,7.11647
SANTANDER,AGUADA,-73.523132,6.162355
SANTANDER,ALBANIA,-73.91336,5.759166
SANTANDER,ARATOCA,-73.01786,6.694418
SANTANDER,BARBOSA,-73.615965,5.932531
SANTANDER,BARICHARA,-73.223047,6.634111
SANTANDER,BARRANCABERMEJA,-73.849243,7.064857
SANTANDER,BETULIA,-73.283669,6.899525
SANTANDER,BOLÍVAR,-73.771346,5.988953
SANTANDER,CABRERA,-73.246475,6.592118
SANTANDER,CALIFORNIA,-72.946491,7.347989
SANTANDER,CAPITANEJO,-72.695427,6.527394
SANTANDER,CARCASÍ,-72.627099,6.629016
SANTANDER,CEPITÁ,-72.973536,6.753518
SANTANDER,CERRITO,-72.694851,6.840405
SANTANDER,CHARALÁ,-73.146873,6.284339
SANTANDER,CHARTA,-72.968798,7.28082
SANTANDER,CHIMA,-73.373656,6.344348
SANTANDER,CHIPATÁ,-73.637111,6.062521
SANTANDER,CIMITARRA,-73.953011,6.320886
SANTANDER,CONCEPCIÓN,-72.694567,6.768908
SANTANDER,CONFINES,-73.240554,6.357327
SANTANDER,CONTRATACIÓN,-73.474426,6.290561
SANTANDER,COROMORO,-73.040816,6.294999
SANTANDER,CURITÍ,-73.069383,6.605099
SANTANDER,EL CARMEN DE CHUCURÍ,-73.51066,6.700038
SANTANDER,EL GUACAMAYO,-73.496908,6.245111
SANTANDER,EL PEÑÓN,-73.815532,6.05537
SANTANDER,EL PLAYÓN,-73.20287,7.470715
SANTANDER,ENCINO,-73.098749,6.137429
SANTANDER,ENCISO,-72.699647,6.668034
SANTANDER,FLORIÁN,-73.97143,5.804659
SANTANDER,FLORIDABLANCA,-73.099104,7.072329
SANTANDER,GALÁN,-73.287769,6.638423
SANTANDER,GÁMBITA,-73.344185,5.945998
SANTANDER,GIRÓN,-73.166832,7.070432
SANTANDER,GUACA,-72.856322,6.876563
SANTANDER,GUADALUPE,-73.419292,6.245847
SANTANDER,GUAPOTÁ,-73.320732,6.308635
SANTANDER,GUAVATÁ,-73.700906,5.954348
SANTANDER,GÜEPSA,-73.575146,6.025013
SANTANDER,HATO,-73.308399,6.543957
SANTANDER,JESÚS MARÍA,-73.783396,5.876497
SANTANDER,JORDÁN,-73.096053,6.732727
SANTANDER,LA BELLEZA,-73.965494,5.85925
SANTANDER,LANDÁZURI,-73.811359,6.218812
SANTANDER,LA PAZ,-73.58959,6.178509
SANTANDER,LEBRIJA,-73.219524,7.113351
SANTANDER,LOS SANTOS,-73.102739,6.755203
SANTANDER,MACARAVITA,-72.593105,6.50658
SANTANDER,MÁLAGA,-72.732089,6.703081
SANTANDER,MATANZA,-73.015566,7.323175
SANTANDER,MOGOTES,-72.969807,6.475246
SANTANDER,MOLAGAVITA,-72.809175,6.67432
SANTANDER,OCAMONTE,-73.122563,6.339988
SANTANDER,OIBA,-73.299791,6.26521
SANTANDER,ONZAGA,-72.816766,6.344104
SANTANDER,PALMAR,-73.29109,6.537789
SANTANDER,PALMAS DEL SOCORRO,-73.287764,6.406139
SANTANDER,PÁRAMO,-73.17022,6.416811
SANTANDER,PIEDECUESTA,-73.054795,6.997245
SANTANDER,PINCHOTE,-73.174209,6.531552
SANTANDER,PUENTE NACIONAL,-73.677567,5.878381
SANTANDER,PUERTO PARRA,-74.056129,6.650785
SANTANDER,PUERTO WILCHES,-73.899909,7.344057
SANTANDER,RIONEGRO,-73.150177,7.265014
SANTANDER,SABANA DE TORRES,-73.49906,7.391919
SANTANDER,SAN ANDRÉS,-72.848864,6.811511
SANTANDER,SAN BENITO,-73.50907,6.126656
SANTANDER,SAN GIL,-73.134776,6.551952
SANTANDER,SAN JOAQUÍN,-72.867638,6.427548
SANTANDER,SAN JOSÉ DE MIRANDA,-72.733616,6.658995
SANTANDER,SAN MIGUEL,-72.644123,6.575315
SANTANDER,SAN VICENTE DE CHUCURÍ,-73.411024,6.880383
SANTANDER,SANTA BÁRBARA,-72.907445,6.990996
SANTANDER,SANTA HELENA DEL OPÓN,-73.616716,6.339565
SANTANDER,SIMACOTA,-73.337368,6.443469
SANTANDER,SOCORRO,-73.261198,6.46387
SANTANDER,SUAITA,-73.44165,6.101329
SANTANDER,SUCRE,-73.790975,5.918743
SANTANDER,SURATÁ,-72.984232,7.36658
SANTANDER,TONA,-72.967023,7.201417
SANTANDER,VALLE DE SAN JOSÉ,-73.143507,6.448028
SANTANDER,VÉLEZ,-73.672447,6.009275
SANTANDER,VETAS,-72.871041,7.30981
SANTANDER,VILLANUEVA,-73.174307,6.670078
SANTANDER,ZAPATOCA,-73.268034,6.814387
SUCRE,SINCELEJO,-75.395445,9.302322
SUCRE,BUENAVISTA,-74.972827,9.319794
SUCRE,CAIMITO,-75.117141,8.789324
SUCRE,COLOSÓ,-75.353256,9.494192
SUCRE,COROZAL,-75.293048,9.318749
SUCRE,COVEÑAS,-75.680158,9.402779
SUCRE,CHALÁN,-75.312697,9.545352
SUCRE,EL ROBLE,-75.198378,9.100647
SUCRE,GALERAS,-75.04959,9.160379
SUCRE,GUARANDA,-74.537749,8.468556
SUCRE,LA UNIÓN,-75.276056,8.853975
SUCRE,LOS PALMITOS,-75.268716,9.380269
SUCRE,MAJAGUAL,-74.628077,8.541163
SUCRE,MORROA,-75.305949,9.331395
SUCRE,OVEJAS,-75.229037,9.527176
SUCRE,PALMITO,-75.541264,9.333157
SUCRE,SAMPUÉS,-75.380222,9.183193
SUCRE,SAN BENITO ABAD,-75.031089,8.930108
SUCRE,SAN JUAN DE BETULIA,-75.243565,9.273066
SUCRE,SAN MARCOS,-75.133831,8.661774
SUCRE,SAN ONOFRE,-75.522398,9.736955
SUCRE,SAN PEDRO,-75.063647,9.39625
SUCRE,SAN LUIS DE SINCÉ,-75.145999,9.244308
SUCRE,SUCRE,-74.723175,8.811737
SUCRE,SANTIAGO DE TOLÚ,-75.581112,9.525387
SUCRE,SAN JOSÉ DE TOLUVIEJO,-75.44085,9.451819
TOLIMA,IBAGUÉ,-75.19425,4.432248
TOLIMA,ALPUJARRA,-74.9329,3.391548
TOLIMA,ALVARADO,-74.953418,4.567356
TOLIMA,AMBALEMA,-74.764429,4.782682
TOLIMA,ANZOÁTEGUI,-75.093772,4.631756
TOLIMA,ARMERO,-74.884438,5.030744
TOLIMA,ATACO,-75.382545,3.590591
TOLIMA,CAJAMARCA,-75.431971,4.438812
TOLIMA,CARMEN DE APICALÁ,-74.717633,4.152334
TOLIMA,CASABIANCA,-75.120966,5.078465
TOLIMA,CHAPARRAL,-75.480765,3.722918
TOLIMA,COELLO,-74.898464,4.287276
TOLIMA,COYAIMA,-75.193862,3.798036
TOLIMA,CUNDAY,-74.692227,4.059259
TOLIMA,DOLORES,-74.896761,3.539072
TOLIMA,ESPINAL,-74.885446,4.151314
TOLIMA,FALAN,-74.953007,5.123104
TOLIMA,FLANDES,-74.818763,4.276373
TOLIMA,FRESNO,-75.035722,5.153576
TOLIMA,GUAMO,-74.968135,4.030992
TOLIMA,HERVEO,-75.177151,5.080228
TOLIMA,HONDA,-74.75699,5.211816
TOLIMA,ICONONZO,-74.531969,4.176487
TOLIMA,LÉRIDA,-74.910716,4.862046
TOLIMA,LÍBANO,-75.061959,4.92042
TOLIMA,SAN SEBASTIÁN DE MARIQUITA,-74.889276,5.199708
TOLIMA,MELGAR,-74.641317,4.203655
TOLIMA,MURILLO,-75.171022,4.874341
TOLIMA,NATAGAIMA,-75.093182,3.624324
TOLIMA,ORTEGA,-75.222601,3.934916
TOLIMA,PALOCABILDO,-75.022167,5.120918
TOLIMA,PIEDRAS,-74.878106,4.543951
TOLIMA,PLANADAS,-75.644163,3.197911
TOLIMA,PRADO,-74.927447,3.750939
TOLIMA,PURIFICACIÓN,-74.935555,3.857246
TOLIMA,RIOBLANCO,-75.644069,3.529932
TOLIMA,RONCESVALLES,-75.605959,4.011567
TOLIMA,ROVIRA,-75.240648,4.239019
TOLIMA,SALDAÑA,-75.016852,3.929815
TOLIMA,SAN ANTONIO,-75.480074,3.914146
TOLIMA,SAN LUIS,-75.095804,4.133721
TOLIMA,SANTA ISABEL,-75.097934,4.713606
TOLIMA,SUÁREZ,-74.831885,4.048891
TOLIMA,VALLE DE SAN JUAN,-75.115669,4.197494
TOLIMA,VENADILLO,-74.929333,4.717878
TOLIMA,VILLAHERMOSA,-75.117729,5.030452
TOLIMA,VILLARRICA,-74.600285,3.936902
VALLE DEL CAUCA,SANTIAGO DE CALI,-76.52133,3.413686
VALLE DEL CAUCA,ALCALÁ,-75.779792,4.674994
VALLE DEL CAUCA,ANDALUCÍA,-76.167925,4.171713
VALLE DEL CAUCA,ANSERMANUEVO,-75.992003,4.794984
VALLE DEL CAUCA,ARGELIA,-76.119905,4.726945
VALLE DEL CAUCA,BOLÍVAR,-76.183583,4.337846
VALLE DEL CAUCA,BUENAVENTURA,-77.01074,3.875708
VALLE DEL CAUCA,GUADALAJARA DE BUGA,-76.298979,3.900736
VALLE DEL CAUCA,BUGALAGRANDE,-76.15682,4.208358
VALLE DEL CAUCA,CAICEDONIA,-75.830594,4.334808
VALLE DEL CAUCA,CALIMA,-76.484132,3.933664
VALLE DEL CAUCA,CANDELARIA,-76.346519,3.408354
VALLE DEL CAUCA,CARTAGO,-75.924374,4.742192
VALLE DEL CAUCA,DAGUA,-76.68886,3.657318
VALLE DEL CAUCA,EL ÁGUILA,-76.042779,4.906062
VALLE DEL CAUCA,EL CAIRO,-76.221611,4.760874
VALLE DEL CAUCA,EL CERRITO,-76.311972,3.684229
VALLE DEL CAUCA,EL DOVIO,-76.237084,4.510452
VALLE DEL CAUCA,FLORIDA,-76.234199,3.324118
VALLE DEL CAUCA,GINEBRA,-76.268068,3.724181
VALLE DEL CAUCA,GUACARÍ,-76.330911,3.761815
VALLE DEL CAUCA,JAMUNDÍ,-76.538472,3.258751
VALLE DEL CAUCA,LA CUMBRE,-76.56805,3.649268
VALLE DEL CAUCA,LA UNIÓN,-76.099661,4.533869
VALLE DEL CAUCA,LA VICTORIA,-76.036529,4.523603
VALLE DEL CAUCA,OBANDO,-75.974709,4.575712
VALLE DEL CAUCA,PALMIRA,-76.298846,3.531544
VALLE DEL CAUCA,PRADERA,-76.241799,3.419793
VALLE DEL CAUCA,RESTREPO,-76.523329,3.821351
VALLE DEL CAUCA,RIOFRÍO,-76.288313,4.156908
VALLE DEL CAUCA,ROLDANILLO,-76.152277,4.413601
VALLE DEL CAUCA,SAN PEDRO,-76.228692,3.995073
VALLE DEL CAUCA,SEVILLA,-75.931629,4.270714
VALLE DEL CAUCA,TORO,-76.076859,4.608085
VALLE DEL CAUCA,TRUJILLO,-76.318818,4.212037
VALLE DEL CAUCA,TULUÁ,-76.197731,4.085399
VALLE DEL CAUCA,ULLOA,-75.737808,4.703623
VALLE DEL CAUCA,VERSALLES,-76.199203,4.575019
VALLE DEL CAUCA,VIJES,-76.441804,3.698686
VALLE DEL CAUCA,YOTOCO,-76.382698,3.861241
VALLE DEL CAUCA,YUMBO,-76.499893,3.540097
VALLE DEL CAUCA,ZARZAL,-76.070795,4.392658
ARAUCA,ARAUCA,-70.747408,7.072726
ARAUCA,ARAUQUITA,-71.426733,7.02702
ARAUCA,CRAVO NORTE,-70.204286,6.303913
ARAUCA,FORTUL,-71.76877,6.796695
ARAUCA,PUERTO RONDÓN,-71.10339,6.281461
ARAUCA,SARAVENA,-71.872812,6.953926
ARAUCA,TAME,-71.754427,6.453324
CASANARE,YOPAL,-72.396132,5.327102
CASANARE,AGUAZUL,-72.546838,5.172641
CASANARE,CHÁMEZA,-72.87016,5.214527
CASANARE,HATO COROZAL,-71.764213,6.154099
CASANARE,LA SALINA,-72.334978,6.127762
CASANARE,MANÍ,-72.281384,4.81681
CASANARE,MONTERREY,-72.894065,4.877017
CASANARE,NUNCHÍA,-72.195323,5.636474
CASANARE,OROCUÉ,-71.338533,4.790258
CASANARE,PAZ DE ARIPORO,-71.890348,5.879827
CASANARE,PORE,-71.99286,5.72773
CASANARE,RECETOR,-72.760991,5.229181
CASANARE,SABANALARGA,-73.038696,4.854787
CASANARE,SÁCAMA,-72.250157,6.096738
CASANARE,SAN LUIS DE PALENQUE,-71.732198,5.422397
CASANARE,TÁMARA,-72.16165,5.829543
CASANARE,TAURAMENA,-72.74662,5.018977
CASANARE,TRINIDAD,-71.662812,5.412178
CASANARE,VILLANUEVA,-72.927797,4.61035
PUTUMAYO,MOCOA,-76.654238,1.151172
PUTUMAYO,COLÓN,-76.972566,1.190133
PUTUMAYO,ORITO,-76.873276,0.663593
PUTUMAYO,PUERTO ASÍS,-76.496887,0.505627
PUTUMAYO,PUERTO CAICEDO,-76.606118,0.687784
PUTUMAYO,PUERTO GUZMÁN,-76.407663,0.962854
PUTUMAYO,PUERTO LEGUÍZAMO,-74.781842,-0.192318
PUTUMAYO,SIBUNDOY,-76.917814,1.20026
PUTUMAYO,SAN FRANCISCO,-76.879283,1.174194
PUTUMAYO,SAN MIGUEL,-76.91217,0.34346
PUTUMAYO,SANTIAGO,-77.002641,1.147076
PUTUMAYO,VALLE DEL GUAMUEZ,-76.906751,0.423506
PUTUMAYO,VILLAGARZÓN,-76.61721,1.028821
"ARCHIPIÉLAGO DE SAN ANDRÉS, PROVIDENCIA Y SANTA CATALINA",SAN ANDRÉS,-81.707181,12.578108
"ARCHIPIÉLAGO DE SAN ANDRÉS, PROVIDENCIA Y SANTA CATALINA",PROVIDENCIA,-81.368386,13.373185
AMAZONAS,LETICIA,-69.941721,-4.19895
AMAZONAS,EL ENCANTO,-73.207114,-1.74806
AMAZONAS,LA CHORRERA,-72.791889,-1.442617
AMAZONAS,LA PEDRERA,-69.585499,-1.320301
AMAZONAS,LA VICTORIA,-71.223208,0.054936
AMAZONAS,MIRITÍ - PARANÁ,-70.98893,-0.888833
AMAZONAS,PUERTO ALEGRÍA,-74.014461,-1.005674
AMAZONAS,PUERTO ARICA,-71.752186,-2.147039
AMAZONAS,PUERTO NARIÑO,-70.364937,-3.779934
AMAZONAS,PUERTO SANTANDER,-72.384213,-0.621184
AMAZONAS,TARAPACÁ,-69.741745,-2.890126
GUAINÍA,INÍRIDA,-67.918613,3.866764
GUAINÍA,BARRANCOMINAS,-69.814066,3.494178
GUAINÍA,SAN FELIPE,-67.067848,1.912495
GUAINÍA,PUERTO COLOMBIA,-67.566774,2.726438
GUAINÍA,LA GUADALUPE,-66.963692,1.632464
GUAINÍA,CACAHUAL,-67.413312,3.52617
GUAINÍA,PANA PANA,-69.0099,1.865668
GUAINÍA,MORICHAL,-69.919404,2.265132
GUAVIARE,SAN JOSÉ DEL GUAVIARE,-72.639254,2.565932
GUAVIARE,CALAMAR,-72.655197,1.960982
GUAVIARE,EL RETORNO,-72.627304,2.330164
GUAVIARE,MIRAFLORES,-71.950416,1.337539
VAUPÉS,MITÚ,-70.232641,1.253151
VAUPÉS,CARURÚ,-71.30221,1.016116
VAUPÉS,PACOA,-71.004339,0.020698
VAUPÉS,TARAIRA,-69.635497,-0.564984
VAUPÉS,PAPUNAHUA,-70.76091,1.908124
VAUPÉS,YAVARATÉ,-69.203337,0.609142
VICHADA,PUERTO CARREÑO,-67.487095,6.186636
VICHADA,LA PRIMAVERA,-70.410515,5.486309
VICHADA,SANTA ROSALÍA,-70.859499,5.136393
VICHADA,CUMARIBO,-69.795533,4.446352
